distance_bin,lidar_recall,radar_recall,fusion_recall,num_boxes
0-20m,0.9921875,0.75,0.9921875,128.0
20-40m,0.9456066945606695,0.5523012552301255,0.9497907949790795,239.0
40-60m,0.9618320610687023,0.4580152671755725,0.9694656488549618,262.0
60m+,0.6363636363636364,0.2692967409948542,0.6981132075471698,583.0
