{
  "total_samples": 18,
  "total_scenes": 9,
  "total_lidar_points": 4274136,
  "total_radar_points": 56024,
  "total_boxes": 1226,
  "avg_lidar_points": 237452.0,
  "avg_radar_points": 3112.4444444444443,
  "avg_boxes": 68.11111111111111,
  "processing_date": "2025-06-01T00:33:54.349074"
}